Accession	Completeness	Geographic Location	Geographic Region	Host Common Name	Host Name	Host Taxonomic ID	Is Annotated	Is Lab Host	Is Vaccine Strain	Isolate Collection date	Length	Protein count	Release date	Source database	Submitter Affiliation	Submitter Country	Submitter Names	Update date	Virus Common Name	Virus Infraspecific Names Isolate	Virus Name	Virus Taxonomic ID
JX869059.2	COMPLETE				Homo sapiens	9606	true			2012-06-13	30119	11	2012-09-27T00:00:00Z	GenBank	Erasmus MC, Viroscience Lab	Netherlands	van Boheemen,S.,de Graaf,M.,Lauber,C.,Bestebroer,T.M.,Raj,V.S.,Zaki,A.M.,Osterhaus,A.D.,Haagmans,B.L.,Gorbalenya,A.E.,Snijder,E.J.,Fouchier,R.A.,Victor,S.R.,Osterhaus,A.D.M.E.,Fouchier,R.A.M.	2012-12-04T00:00:00Z			Human betacoronavirus 2c EMC/2012	1235996
EF065509.1	COMPLETE	China: Guangdong province	Asia		Chiroptera	9397	true				30482	9	2007-02-07T00:00:00Z	GenBank	The University of Hong Kong, Microbiology	China	Woo,P.C.,Wang,M.,Lau,S.K.,Xu,H.,Poon,R.W.,Guo,R.,Wong,B.H.,Gao,K.,Tsoi,H.W.,Huang,Y.,Li,K.S.,Lam,C.S.,Chan,K.H.,Zheng,B.J.,Yuen,K.Y.,Woo,P.C.Y.,Lau,S.K.P.,Xu,H.F.,Poon,R.W.S.,Guo,R.T.,Wong,B.H.L.,Li,K.S.M.	2022-02-01T00:00:00Z			Pipistrellus bat coronavirus HKU5	694008
EF065505.1	COMPLETE	China: Guangdong province	Asia		Chiroptera	9397	true				30286	9	2007-02-07T00:00:00Z	GenBank	The University of Hong Kong, Microbiology	China	Woo,P.C.,Wang,M.,Lau,S.K.,Xu,H.,Poon,R.W.,Guo,R.,Wong,B.H.,Gao,K.,Tsoi,H.W.,Huang,Y.,Li,K.S.,Lam,C.S.,Chan,K.H.,Zheng,B.J.,Yuen,K.Y.,Woo,P.C.Y.,Lau,S.K.P.,Xu,H.F.,Poon,R.W.S.,Guo,R.T.,Wong,B.H.L.,Li,K.S.M.	2022-02-01T00:00:00Z			Tylonycteris bat coronavirus HKU4	694007
KC545383.1	COMPLETE	Germany	Europe		Erinaceus europaeus	9365	true			2012	30148	12	2013-10-21T00:00:00Z	GenBank	University of Bonn Medical Centre, Institute of Virology	Germany	Corman,V.M.,Kallies,R.,Philipps,H.,Gopner,G.,Muller,M.A.,Eckerle,I.,Brunink,S.,Drosten,C.,Drexler,J.F.	2014-03-11T00:00:00Z			Betacoronavirus Erinaceus/VMC/DEU/2012	1385427
EF065506.1	COMPLETE	China: Guangdong province	Asia		Chiroptera	9397	true				30286	9	2007-02-07T00:00:00Z	GenBank	The University of Hong Kong, Microbiology	China	Woo,P.C.,Wang,M.,Lau,S.K.,Xu,H.,Poon,R.W.,Guo,R.,Wong,B.H.,Gao,K.,Tsoi,H.W.,Huang,Y.,Li,K.S.,Lam,C.S.,Chan,K.H.,Zheng,B.J.,Yuen,K.Y.,Woo,P.C.Y.,Lau,S.K.P.,Xu,H.F.,Poon,R.W.S.,Guo,R.T.,Wong,B.H.L.,Li,K.S.M.	2007-02-07T00:00:00Z			Bat coronavirus HKU4-2	424360
EF065507.1	COMPLETE	China: Guangdong province	Asia		Chiroptera	9397	true				30286	9	2007-02-07T00:00:00Z	GenBank	The University of Hong Kong, Microbiology	China	Woo,P.C.,Wang,M.,Lau,S.K.,Xu,H.,Poon,R.W.,Guo,R.,Wong,B.H.,Gao,K.,Tsoi,H.W.,Huang,Y.,Li,K.S.,Lam,C.S.,Chan,K.H.,Zheng,B.J.,Yuen,K.Y.,Woo,P.C.Y.,Lau,S.K.P.,Xu,H.F.,Poon,R.W.S.,Guo,R.T.,Wong,B.H.L.,Li,K.S.M.	2007-02-07T00:00:00Z			Bat coronavirus HKU4-3	424361
EF065508.1	COMPLETE	China: Guangdong province	Asia		Chiroptera	9397	true				30316	9	2007-02-07T00:00:00Z	GenBank	The University of Hong Kong, Microbiology	China	Woo,P.C.,Wang,M.,Lau,S.K.,Xu,H.,Poon,R.W.,Guo,R.,Wong,B.H.,Gao,K.,Tsoi,H.W.,Huang,Y.,Li,K.S.,Lam,C.S.,Chan,K.H.,Zheng,B.J.,Yuen,K.Y.,Woo,P.C.Y.,Lau,S.K.P.,Xu,H.F.,Poon,R.W.S.,Guo,R.T.,Wong,B.H.L.,Li,K.S.M.	2007-02-07T00:00:00Z			Bat coronavirus HKU4-4	424362
EF065510.1	COMPLETE	China: Guangdong province	Asia		Chiroptera	9397	true				30488	9	2007-02-07T00:00:00Z	GenBank	The University of Hong Kong, Microbiology	China	Woo,P.C.,Wang,M.,Lau,S.K.,Xu,H.,Poon,R.W.,Guo,R.,Wong,B.H.,Gao,K.,Tsoi,H.W.,Huang,Y.,Li,K.S.,Lam,C.S.,Chan,K.H.,Zheng,B.J.,Yuen,K.Y.,Woo,P.C.Y.,Lau,S.K.P.,Xu,H.F.,Poon,R.W.S.,Guo,R.T.,Wong,B.H.L.,Li,K.S.M.	2007-02-07T00:00:00Z			Bat coronavirus HKU5-2	424364
EF065511.1	COMPLETE	China: Guangdong province	Asia		Chiroptera	9397	true				30488	9	2007-02-07T00:00:00Z	GenBank	The University of Hong Kong, Microbiology	China	Woo,P.C.,Wang,M.,Lau,S.K.,Xu,H.,Poon,R.W.,Guo,R.,Wong,B.H.,Gao,K.,Tsoi,H.W.,Huang,Y.,Li,K.S.,Lam,C.S.,Chan,K.H.,Zheng,B.J.,Yuen,K.Y.,Woo,P.C.Y.,Lau,S.K.P.,Xu,H.F.,Poon,R.W.S.,Guo,R.T.,Wong,B.H.L.,Li,K.S.M.	2007-02-07T00:00:00Z			Bat coronavirus HKU5-3	424365
EF065512.1	COMPLETE	China: Guangdong province	Asia		Chiroptera	9397	true				30487	9	2007-02-07T00:00:00Z	GenBank	The University of Hong Kong, Microbiology	China	Woo,P.C.,Wang,M.,Lau,S.K.,Xu,H.,Poon,R.W.,Guo,R.,Wong,B.H.,Gao,K.,Tsoi,H.W.,Huang,Y.,Li,K.S.,Lam,C.S.,Chan,K.H.,Zheng,B.J.,Yuen,K.Y.,Woo,P.C.Y.,Lau,S.K.P.,Xu,H.F.,Poon,R.W.S.,Guo,R.T.,Wong,B.H.L.,Li,K.S.M.	2007-02-07T00:00:00Z			Bat coronavirus HKU5-5	424366
KX574227.1	COMPLETE	Uganda	Africa		Pipistrellus	27671	true			2013-02-20	29642	10	2017-04-24T00:00:00Z	GenBank	Columbia University, Center for Infection and Immunity	USA	Anthony,S.J.,Gilardi,K.,Menachery,V.D.,Goldstein,T.,Ssebide,B.,Mbabazi,R.,Navarrete-Macias,I.,Liang,E.,Wells,H.,Hicks,A.,Petrosov,A.,Byarugaba,D.K.,Debbink,K.,Dinnon,K.H.,Scobey,T.,Randell,S.H.,Yount,B.L.,Cranfield,M.,Johnson,C.K.,Baric,R.S.,Lipkin,W.I.,Mazet,J.A.,Gilardi,K.V.,Wells,H.L.,Hicks,A.L.,Byarugaba,D.,Mazet,J.K.	2019-02-26T00:00:00Z			Bat coronavirus	1508220
KJ473820.1	COMPLETE	China	Asia		Pipistrellus abramus	105295	true			2013	30480	9	2015-12-31T00:00:00Z	GenBank	Institute of Pathogen Biology, MOH Key Laboratory of Systems Biology of Pathogens	China	Wu,Z.,Yang,L.,Ren,X.,Zhang,J.,Yang,F.,Zhang,S.,Jin,Q.,He,G.,Yang,J.,Qian,Z.,Dong,J.,Sun,L.,Zhu,Y.,Du,J.	2017-07-07T00:00:00Z			BtPa-BetaCoV/GD2013	1503295
KJ473822.1	COMPLETE	China	Asia		Tylonycteris pachypus	258959	true			2012	30247	9	2015-12-31T00:00:00Z	GenBank	Institute of Pathogen Biology, MOH Key Laboratory of Systems Biology of Pathogens	China	Wu,Z.,Yang,L.,Ren,X.,Zhang,J.,Yang,F.,Zhang,S.,Jin,Q.,He,G.,Yang,J.,Qian,Z.,Dong,J.,Sun,L.,Zhu,Y.,Du,J.	2017-07-07T00:00:00Z			BtTp-BetaCoV/GX2012	1503304
KJ473821.1	COMPLETE	China	Asia		Vespertilio sinensis	105273	true				30423	10	2014-05-06T00:00:00Z	GenBank	Institute of Pathogen Biology, MOH Key Laboratory of Systems Biology of Pathogens	China	Yang,L.,Wu,Z.,Ren,X.,Yang,F.,Zhang,J.,He,G.,Dong,J.,Sun,L.,Zhu,Y.,Zhang,S.,Jin,Q.,Yang,J.,Qian,Z.,Du,J.	2017-07-07T00:00:00Z			BtVs-BetaCoV/SC2013	1495253
KC869678.4	COMPLETE	South Africa	Africa		Laephotis capensis	110938	true			2011	30111	11	2013-07-30T00:00:00Z	GenBank	Stellenbosch University, Division of Medical Virology, Pathology	South Africa	Ithete,N.L.,Stoffberg,S.,Corman,V.M.,Cottontail,V.M.,Richards,L.R.,Schoeman,M.C.,Drosten,C.,Drexler,J.F.,Preiser,W.,Stoffberg Hockey,S.,Richards,L.	2014-11-13T00:00:00Z			Coronavirus Neoromicia/PML-PHE1/RSA/2011	1368314
AY274119.3	COMPLETE	Canada: Toronto	North America		Homo sapiens	9606	true				29751	14	2003-04-14T00:00:00Z	GenBank	British Columbia Cancer Research Centre, Genome Sciences Centre	Canada	He,R.,Dobie,F.,Ballantine,M.,Leeson,A.,Li,Y.,Bastien,N.,Cutts,T.,Andonov,A.,Cao,J.,Booth,T.F.,Plummer,F.A.,Tyler,S.,Baker,L.,Li,X.	2020-05-27T00:00:00Z			SARS coronavirus Tor2	227984
MN908947.3	COMPLETE	China	Asia		Homo sapiens	9606	true			2019-12	29903	10	2020-01-12T00:00:00Z	GenBank	Fudan University, Shanghai Public Health Clinical Center & School of Public Health	China	Wu,F.,Zhao,S.,Yu,B.,Chen,Y.M.,Wang,W.,Song,Z.G.,Hu,Y.,Tao,Z.W.,Tian,J.H.,Pei,Y.Y.,Yuan,M.L.,Zhang,Y.L.,Dai,F.H.,Liu,Y.,Wang,Q.M.,Zheng,J.J.,Xu,L.,Holmes,E.C.,Zhang,Y.Z.,Chen,Y.-M.,Song,Z.-G.,Tao,Z.-W.,Tian,J.-H.,Pei,Y.-Y.,Zhang,Y.-L.,Dai,F.-H.,Wang,Q.-M.,Zheng,J.-J.,Zhang,Y.-Z.	2020-03-18T00:00:00Z			Severe acute respiratory syndrome coronavirus 2	2697049
KY352407.1	COMPLETE	Kenya	Africa		Rhinolophus	49442	true			2007-08	29274	10	2018-12-31T00:00:00Z	GenBank	Centers for Disease Control and Prevention, Division of Viral Diseases	USA	Tao,Y.,Tong,S.,Chommanard,C.,Kuzmin,I.	2020-02-05T00:00:00Z			Severe acute respiratory syndrome-related coronavirus	694009
AY613950.1	COMPLETE	China	Asia		Paradoxurus hermaphroditus	71117					29728		2005-01-28T00:00:00Z	GenBank	Shanghai Institute of Hematology	China	Song,H.D.,Tu,C.C.,Zhang,G.W.,Wang,S.Y.,Zheng,K.,Lei,L.C.,Chen,Q.X.,Gao,Y.W.,Zhou,H.Q.,Xiang,H.,Zheng,H.J.,Chern,S.W.,Cheng,F.,Pan,C.M.,Xuan,H.,Chen,S.J.,Luo,H.M.,Zhou,D.H.,Liu,Y.F.,He,J.F.,Qin,P.Z.,Li,L.H.,Ren,Y.Q.,Liang,W.J.,Yu,Y.D.,Anderson,L.,Wang,M.,Xu,R.H.,Wu,X.W.,Zheng,H.Y.,Chen,J.D.,Liang,G.,Gao,Y.,Liao,M.,Fang,L.,Jiang,L.Y.,Li,H.,Chen,F.,Di,B.,He,L.J.,Lin,J.Y.,Tong,S.,Kong,X.,Du,L.,Hao,P.,Tang,H.,Bernini,A.,Yu,X.J.,Spiga,O.,Guo,Z.M.,Pan,H.Y.,He,W.Z.,Manuguerra,J.C.,Fontanet,A.,Danchin,A.,Niccolai,N.,Li,Y.X.,Wu,C.I.,Zhao,G.P.	2005-02-28T00:00:00Z			SARS coronavirus PC4-227	293936
DQ071615.1	COMPLETE	China	Asia		Chiroptera	9397	true				29736	13	2005-10-05T00:00:00Z	GenBank	Wuhan Institute of Virology, Chinese Academy of Science	China	Li,W.,Shi,Z.,Yu,M.,Ren,W.,Smith,C.,Epstein,J.H.,Wang,H.,Crameri,G.,Hu,Z.,Zhang,H.,Zhang,J.,McEachern,J.,Field,H.,Daszak,P.,Eaton,B.T.,Zhang,S.,Wang,L.F.,Wang,L.-F.	2006-01-25T00:00:00Z			Bat SARS CoV Rp3/2004	349344
DQ022305.2	COMPLETE	China	Asia				true				29728	11	2005-09-23T00:00:00Z	GenBank	The University of Hong Kong, Department of Microbiology	China	Lau,S.K.,Woo,P.C.,Li,K.S.,Huang,Y.,Tsoi,H.W.,Wong,B.H.,Wong,S.S.,Leung,S.Y.,Chan,K.H.,Yuen,K.Y.,Lau,S.K.P.,Woo,P.C.Y.,Li,K.S.M.	2005-10-25T00:00:00Z			Bat SARS coronavirus HKU3-1	333387
KC881006.1	COMPLETE	China	Asia		Rhinolophus sinicus	89399	true			2012-03-19	29792	12	2013-11-06T00:00:00Z	GenBank	Chinese Academy of Sciences, Wuhan Institute of Virology	China	Ge,X.Y.,Li,J.L.,Yang,X.L.,Chmura,A.A.,Zhu,G.,Epstein,J.H.,Mazet,J.K.,Hu,B.,Zhang,W.,Peng,C.,Zhang,Y.J.,Luo,C.M.,Tan,B.,Wang,N.,Zhu,Y.,Crameri,G.,Zhang,S.Y.,Wang,L.F.,Daszak,P.,Shi,Z.L.,Ge,X.-Y.,Li,J.-L.,Yang,X.-L.,Zhang,Y.-J.,Luo,C.-M.,Wang,L.-F.,Shi,Z.-L.	2013-11-22T00:00:00Z			Bat SARS-like coronavirus Rs3367	1415834
KC881005.1	COMPLETE	China	Asia		Rhinolophus sinicus	89399	true			2011-04-17	29787	12	2013-11-06T00:00:00Z	GenBank	Chinese Academy of Sciences, Wuhan Institute of Virology	China	Ge,X.Y.,Li,J.L.,Yang,X.L.,Chmura,A.A.,Zhu,G.,Epstein,J.H.,Mazet,J.K.,Hu,B.,Zhang,W.,Peng,C.,Zhang,Y.J.,Luo,C.M.,Tan,B.,Wang,N.,Zhu,Y.,Crameri,G.,Zhang,S.Y.,Wang,L.F.,Daszak,P.,Shi,Z.L.,Ge,X.-Y.,Li,J.-L.,Yang,X.-L.,Zhang,Y.-J.,Luo,C.-M.,Wang,L.-F.,Shi,Z.-L.	2013-11-22T00:00:00Z			Bat SARS-like coronavirus RsSHC014	1415851
KF367457.1	COMPLETE	China	Asia		Rhinolophus sinicus	89399	true			2012-09	30309	13	2013-11-06T00:00:00Z	GenBank	Chinese Academy of Sciences, Wuhan Institute of Virology	China	Ge,X.Y.,Li,J.L.,Yang,X.L.,Chmura,A.A.,Zhu,G.,Epstein,J.H.,Mazet,J.K.,Hu,B.,Zhang,W.,Peng,C.,Zhang,Y.J.,Luo,C.M.,Tan,B.,Wang,N.,Zhu,Y.,Crameri,G.,Zhang,S.Y.,Wang,L.F.,Daszak,P.,Shi,Z.L.,Ge,X.-Y.,Li,J.-L.,Yang,X.-L.,Zhang,Y.-J.,Luo,C.-M.,Zhang,S.-Y.,Wang,L.-F.,Shi,Z.-L.	2013-11-06T00:00:00Z			Bat SARS-like coronavirus WIV1	1415852
DQ412042.1	COMPLETE				Rhinolophus ferrumequinum	59479	true				29709	14	2006-07-13T00:00:00Z	GenBank	Wuhan Institute of Virology, Chinese Academy of Science	China	Li,W.,Shi,Z.,Yu,M.,Ren,W.,Smith,C.,Epstein,J.H.,Wang,H.,Crameri,G.,Hu,Z.,Zhang,H.,Zhang,J.,McEachern,J.,Field,H.,Daszak,P.,Eaton,B.T.,Zhang,S.,Wang,L.F.,Ren,W.Z.,Li,W.D.,Zhou,P.,Hao,P.,Zhang,S.Y.,Zhao,G.P.,Zhong,Y.,Wang,S.Y.,Wang,L.-F.,Shi,Z.L.	2006-07-13T00:00:00Z			Bat SARS CoV Rf1/2004	347537
DQ412043.1	COMPLETE				Rhinolophus macrotis	196889	true				29749	13	2006-07-13T00:00:00Z	GenBank	Wuhan Institute of Virology, Chinese Academy of Science	China	Li,W.,Shi,Z.,Yu,M.,Ren,W.,Smith,C.,Epstein,J.H.,Wang,H.,Crameri,G.,Hu,Z.,Zhang,H.,Zhang,J.,McEachern,J.,Field,H.,Daszak,P.,Eaton,B.T.,Zhang,S.,Wang,L.F.,Ren,W.Z.,Li,W.D.,Zhou,P.,Hao,P.,Zhang,S.Y.,Zhao,G.P.,Zhong,Y.,Wang,S.Y.,Wang,L.-F.,Shi,Z.L.	2006-07-13T00:00:00Z			Bat SARS CoV Rm1/2004	347536
MN996532.2	COMPLETE	China	Asia		Rhinolophus affinis	59477	true			2013-07-24	29855	10	2020-01-29T00:00:00Z	GenBank	Wuhan Institute of Virology, Center for Biosafety Mega-Science, Chinese Academy of Sciences, CAS Key Laboratory of Special Pathogens	China	Zhou,P.,Yang,X.-L.,Wang,X.-G.,Hu,B.,Zhang,L.,Zhang,W.,Si,H.-R.,Zhu,Y.,Li,B.,Huang,C.-L.,Chen,H.-D.,Chen,J.,Luo,Y.,Guo,H.,Jiang,R.-D.,Liu,M.-Q.,Chen,Y.,Shen,X.-R.,Wang,X.,Zheng,X.-S.,Zhao,K.,Chen,Q.-J.,Deng,F.,Liu,L.-L.,Yan,B.,Zhan,F.-X.,Wang,Y.-Y.,Xiao,G.-F.,Shi,Z.-L.,Yu,P.,Si,H.R.,Yang,X.L.,Shi,Z.L.	2020-11-24T00:00:00Z			Bat coronavirus RaTG13	2709072
MT726044.1	COMPLETE	Uganda	Africa		Rhinolophus	49442	true			2013-05-30	29243	9	2021-04-06T00:00:00Z	GenBank	Columbia University, Center for Infection and Immunity, Mailman School of Public Health	USA	Wells,H.L.,Letko,M.,Lasso,G.,Ssebide,B.,Nziza,J.,Byarugaba,D.K.,Navarrete-Macias,I.,Liang,E.,Cranfield,M.,Han,B.A.,Tingley,M.W.,Diuk-Wasser,M.,Goldstein,T.,Johnson,C.K.,Mazet,J.A.K.,Chandran,K.,Munster,V.J.,Gilardi,K.,Anthony,S.J.,Mazet,J.	2022-07-08T00:00:00Z			Bat coronavirus	1508220
KJ473812.1	COMPLETE	China	Asia		Rhinolophus ferrumequinum	59479	true			2013	29443	10	2015-12-31T00:00:00Z	GenBank	Institute of Pathogen Biology, MOH Key Laboratory of Systems Biology of Pathogens	China	Wu,Z.,Yang,L.,Ren,X.,Zhang,J.,Yang,F.,Zhang,S.,Jin,Q.,He,G.,Yang,J.,Qian,Z.,Dong,J.,Sun,L.,Zhu,Y.,Du,J.	2017-07-07T00:00:00Z			BtRf-BetaCoV/HeB2013	1503296
KJ473811.1	COMPLETE	China	Asia		Rhinolophus ferrumequinum	59479	true			2012	29037	13	2015-12-31T00:00:00Z	GenBank	Institute of Pathogen Biology, MOH Key Laboratory of Systems Biology of Pathogens	China	Wu,Z.,Yang,L.,Ren,X.,Zhang,J.,Yang,F.,Zhang,S.,Jin,Q.,He,G.,Yang,J.,Qian,Z.,Dong,J.,Sun,L.,Zhu,Y.,Du,J.	2017-07-07T00:00:00Z			BtRf-BetaCoV/JL2012	1503299
KJ473813.1	COMPLETE	China	Asia		Rhinolophus ferrumequinum	59479	true			2013	29461	10	2015-12-31T00:00:00Z	GenBank	Institute of Pathogen Biology, MOH Key Laboratory of Systems Biology of Pathogens	China	Wu,Z.,Yang,L.,Ren,X.,Zhang,J.,Yang,F.,Zhang,S.,Jin,Q.,He,G.,Yang,J.,Qian,Z.,Dong,J.,Sun,L.,Zhu,Y.,Du,J.	2017-07-07T00:00:00Z			BtRf-BetaCoV/SX2013	1503300
KJ473815.1	COMPLETE	China	Asia		Rhinolophus sinicus	89399	true			2013	29161	10	2015-12-31T00:00:00Z	GenBank	Institute of Pathogen Biology, MOH Key Laboratory of Systems Biology of Pathogens	China	Wu,Z.,Yang,L.,Ren,X.,Zhang,J.,Yang,F.,Zhang,S.,Jin,Q.,He,G.,Yang,J.,Qian,Z.,Dong,J.,Sun,L.,Zhu,Y.,Du,J.	2017-07-07T00:00:00Z			BtRs-BetaCoV/GX2013	1503301
KJ473814.1	COMPLETE	China	Asia		Rhinolophus sinicus	89399	true			2013	29658	10	2015-12-31T00:00:00Z	GenBank	Institute of Pathogen Biology, MOH Key Laboratory of Systems Biology of Pathogens	China	Wu,Z.,Yang,L.,Ren,X.,Zhang,J.,Yang,F.,Zhang,S.,Jin,Q.,He,G.,Yang,J.,Qian,Z.,Dong,J.,Sun,L.,Zhu,Y.,Du,J.	2017-07-07T00:00:00Z			BtRs-BetaCoV/HuB2013	1503302
KJ473816.1	COMPLETE	China	Asia		Rhinolophus sinicus	89399	true			2013	29142	10	2015-12-31T00:00:00Z	GenBank	Institute of Pathogen Biology, MOH Key Laboratory of Systems Biology of Pathogens	China	Wu,Z.,Yang,L.,Ren,X.,Zhang,J.,Yang,F.,Zhang,S.,Jin,Q.,He,G.,Yang,J.,Qian,Z.,Dong,J.,Sun,L.,Zhu,Y.,Du,J.	2017-07-07T00:00:00Z			BtRs-BetaCoV/YN2013	1503303
KF569996.1	COMPLETE	China	Asia		Rhinolophus affinis	59477	true			2011	29805	13	2014-04-26T00:00:00Z	GenBank	Institute of Military Veterinary, Virology Department	China	He,B.,Zhang,Y.,Xu,L.,Yang,W.,Yang,F.,Feng,Y.,Xia,L.,Zhou,J.,Zhen,W.,Guo,H.,Zhang,H.,Tu,C.	2014-05-29T00:00:00Z			Rhinolophus affinis coronavirus	1487703
KP886808.1	COMPLETE	China	Asia		Rhinolophus ferrumequinum	59479	true			2013-05-23	29723	11	2015-08-19T00:00:00Z	GenBank	The University of Hong Kong, Department of Microbiology	Hong Kong	Lau,S.K.P.,Feng,Y.,Chen,H.,Luk,H.K.H.,Yang,W.-H.,Li,K.S.M.,Zhang,Y.-Z.,Huang,Y.,Song,Z.-Z.,Chow,W.-N.,Fan,R.Y.Y.,Ahmed,S.,Yeung,H.C.,Lam,C.S.F.,Cai,J.-P.,Chan,J.F.W.,Yuen,K.-Y.,Zhang,H.-L.,Woo,P.C.Y.	2015-08-19T00:00:00Z			Bat SARS-like coronavirus YNLF_31C	1699360
KP886809.1	COMPLETE	China	Asia		Rhinolophus ferrumequinum	59479	true			2013-05-23	29723	11	2015-08-19T00:00:00Z	GenBank	The University of Hong Kong, Department of Microbiology	Hong Kong	Lau,S.K.P.,Feng,Y.,Chen,H.,Luk,H.K.H.,Yang,W.-H.,Li,K.S.M.,Zhang,Y.-Z.,Huang,Y.,Song,Z.-Z.,Chow,W.-N.,Fan,R.Y.Y.,Ahmed,S.,Yeung,H.C.,Lam,C.S.F.,Cai,J.-P.,Chan,J.F.W.,Yuen,K.-Y.,Zhang,H.-L.,Woo,P.C.Y.	2015-08-19T00:00:00Z			Bat SARS-like coronavirus YNLF_34C	1699361
AF473864.1	COMPLETE	USA: Colorado	North America		Equus caballus	9796					11162	5	2002-09-24T00:00:00Z	GenBank	U.S. Department of Agriculture, Agricultural Research Service, Foot and Mouth Diseased Unit, Plum Island Animal Disease Center	USA	Rodriguez,L.L.,Pauszek,S.J.,Bunch,T.A.,Schumann,K.R.	2002-09-24T00:00:00Z			Vesicular stomatitis Indiana virus	11277
JX121109.2	COMPLETE	Honduras	North America		Bos taurus	9913	true			1984	11123	5	2012-08-01T00:00:00Z	GenBank	United States Department of Agriculture, ARS	USA	Pauszek,S.J.,Rodriguez,L.L.	2014-07-08T00:00:00Z			Vesicular stomatitis New Jersey virus	11280
EU373658.1	COMPLETE	Brazil	South America		Equus asinus x Equus caballus	319699				1964	11070	5	2008-06-11T00:00:00Z	GenBank	Plum Island Animal Disease Center, ARS	USA	Pauszek,S.J.,Allende,R.,Rodriguez,L.L.	2008-06-23T00:00:00Z			Vesicular stomatitis Alagoas virus	198833
JF911700.1	COMPLETE	Serbia	Europe				true	true			11202	5	2012-10-17T00:00:00Z	GenBank	University Medical Center Goettingen, Department of Virology	Germany	Pfeffer,M.,Dilcher,M.,Tesh,R.B.,Hufert,F.T.,Weidmann,M.	2013-04-05T00:00:00Z			Vesiculovirus bogdanovac	1972567
KM205015.1	PARTIAL	Brazil	South America		Lutzomyia	7199	true			1983	11135	5	2015-03-10T00:00:00Z	GenBank	CSIRO	Australia	Walker,P.J.,Firth,C.,Widen,S.G.,Blasdell,K.R.,Guzman,H.,Wood,T.G.,Paradkar,P.N.,Holmes,E.C.,Tesh,R.B.,Vasilakis,N.,Walker,P.,Widen,S.,Blasdell,K.,Wood,T.,Paradkar,P.,Holmes,E.,Tesh,R.	2015-03-10T00:00:00Z			Carajas virus	239239
GU212856.1	COMPLETE	India: Vadodara, Gujarat	Asia		Homo sapiens	9606	true			2004	11120	5	2010-10-24T00:00:00Z	GenBank	National Institute of Virology, Hepatitis	India	Gurav,Y.K.,Tandale,B.V.,Jadi,R.S.,Gunjikar,R.S.,Tikute,S.S.,Jamgaonkar,A.V.,Khadse,R.K.,Jalgaonkar,S.V.,Arankalle,V.A.,Mishra,A.C.	2010-10-26T00:00:00Z			Chandipura virus	11272
EU373657.1	COMPLETE	Trinidad and Tobago: Trinidad	North America							1961	11003	5	2008-06-11T00:00:00Z	GenBank	Plum Island Animal Disease Center, ARS	USA	Pauszek,S.J.,Allende,R.,Rodriguez,L.L.	2008-06-23T00:00:00Z			Cocal virus	50713
AJ810084.2	PARTIAL	Iran:Isfahan province	Asia		Phlebotomus papatasi	29031	true				11088	5	2005-01-14T00:00:00Z	GenBank	Marriott A.C., Biological Sciences, University of Warwick, Coventry, CV4 7AL	United Kingdom	Marriott,A.C.	2008-07-22T00:00:00Z			Isfahan virus	290008
KM204996.1	PARTIAL	Brazil	South America		Haemagogus	7180	true			1962	11121	5	2015-03-10T00:00:00Z	GenBank	CSIRO	Australia	Walker,P.J.,Firth,C.,Widen,S.G.,Blasdell,K.R.,Guzman,H.,Wood,T.G.,Paradkar,P.N.,Holmes,E.C.,Tesh,R.B.,Vasilakis,N.,Walker,P.,Widen,S.,Blasdell,K.,Wood,T.,Paradkar,P.,Holmes,E.,Tesh,R.	2015-03-10T00:00:00Z			Vesiculovirus jurona	1972568
KC412247.1	COMPLETE	USA	North America		Ochlerotatus campestris	909054	true			1985-08-18	11019	5	2013-03-30T00:00:00Z	GenBank	University of Texas Medical Branch, Pathology and Center for Biodefense and Emerging Infectious Diseases	USA	Vasilakis,N.,Widen,S.,Travassos da Rosa,A.P.,Wood,T.G.,Walker,P.J.,Holmes,E.C.,Tesh,R.B.	2013-03-30T00:00:00Z			Vesiculovirus malpais	1972570
HQ660076.1	COMPLETE	Brazil	South America				true				11135	6	2011-06-22T00:00:00Z	GenBank	Children's Hospital of Eastern Ontario, Molecular Biomedicine	Canada	Brun,J.,McManus,D.,Lefebvre,C.,Hu,K.,Falls,T.,Atkins,H.,Bell,J.C.,McCart,J.A.,Mahoney,D.,Stojdl,D.F.	2011-06-22T00:00:00Z			Maraba virus	1046251
MW798173.1	PARTIAL	Mexico	North America		Trichobius sp.	3002593	true			2018-02-17	11112	5	2021-05-30T00:00:00Z	GenBank	University of Wisconsin-Madison, Pathobiological Sciences	USA	Ramirez-Martinez,M.M.,Bennett,A.J.,Dunn,C.D.,Yuill,T.M.,Goldberg,T.L.,Bennet,A.J.	2023-03-01T00:00:00Z			Mejal virus	2838395
KM205007.1	PARTIAL	Colombia	South America		Lutzomyia	7199	true			1986	11181	5	2015-03-10T00:00:00Z	GenBank	CSIRO	Australia	Walker,P.J.,Firth,C.,Widen,S.G.,Blasdell,K.R.,Guzman,H.,Wood,T.G.,Paradkar,P.N.,Holmes,E.C.,Tesh,R.B.,Vasilakis,N.,Walker,P.,Widen,S.,Blasdell,K.,Wood,T.,Paradkar,P.,Holmes,E.,Tesh,R.	2015-03-10T00:00:00Z			Vesiculovirus morreton	1972565
HM566195.1	COMPLETE	Madagascar	Africa		Culicidae	7157	true			2008-07-30	11103	5	2012-05-03T00:00:00Z	GenBank	Columbia University, Center for Infection and Immunity	USA	Palacios,G.,Savji,N.,Gogo,S.,Tesh,R.,Lipkin,W.	2012-05-03T00:00:00Z			Vesiculovirus perinet	1972569
KU178986.1	COMPLETE	Brazil: Utinga Forest, Para State	South America		Philander opossum	9272	true			1960-12-10	11271	5	2016-11-20T00:00:00Z	GenBank	University of Sao Paulo, Virology Research Center, School of Medicine of Ribeirao Preto	Brazil	Souza,W.M.,Acrani,G.O.,Romeiro,M.F.,Reis,O. Jr.,Tolerado,A.L.,Medeiros,D.B.,Nunes,M.R.,Figueiredo,L.T.M.	2016-11-20T00:00:00Z			Piry virus	11274
KM205024.1	PARTIAL	Italy	Europe		Phlebotomus perfiliewi	59275	true			1982	11068	5	2015-03-10T00:00:00Z	GenBank	CSIRO	Australia	Walker,P.J.,Firth,C.,Widen,S.G.,Blasdell,K.R.,Guzman,H.,Wood,T.G.,Paradkar,P.N.,Holmes,E.C.,Tesh,R.B.,Vasilakis,N.,Walker,P.,Widen,S.,Blasdell,K.,Wood,T.,Paradkar,P.,Holmes,E.,Tesh,R.	2015-03-10T00:00:00Z			Vesiculovirus radi	1972566
